,0,1,2,3,4,5,6,7,8,9,10,11,12,13,14,15,16,17
0,[],"['two-year', 'modern-day', 'two-year', 'the 19th Century', 'Last month', 'this year']",[],"['Getty Images', 'David Rodriguez', 'Image', 'Getty Images Image', 'Warning', 'Image', 'Getty Images', 'Mr Rodriguez', 'Polaris', 'Polaris', 'Image', 'Getty Images', 'Getty Images', 'Wyndham', 'Polaris', 'Traffickers']",[],[],"['half a million', 'almost 7,000', 'more than a million']",[],[],[],[],[],[],[],"['Mr Rodriguez', 'Marriott', 'Marriott', 'the Pole Star', 'Polaris', 'The US Department of Homeland Security', 'George Washington University', 'Global', 'Global', 'Sean Coughlan']",[],[],"['Hotels', 'London', 'US', 'US', 'US', 'US', 'California', 'US']"
1,[],"['more than three days', 'last year', '2014-15']",[],"['Getty Images Image', 'Getty Images Image']",[],[],"['Three', '24', '27', '27']",[],[],['the Freedom of Information Act'],[],[],"['less than 72 hours', 'a few minutes']",[],"['Essex County Council', 'Essex County Council', 'Essex County Council', 'Ofsted', 'the Local Democracy Reporting Service', 'Essex County Council', 'Essex County Council', 'Essex Police']",['58%'],[],"['Essex', 'UK', 'Essex']"
2,[],"['more than a year', 'November 2018', 'over 18 months', 'about three years', 'September 2017', '45 days', 'a few weeks', 'A year', '12 months', 'three years', 'That day', 'Tuesday 22 January']",['Every Child Protected Against Trafficking'],"['Getty Images', 'Sinister', 'Image', 'Getty Images', 'Peter', 'Peter', 'Peter', 'Peter', 'Peter', 'Kate Roberts', 'Image', 'Getty Images Image', 'Vinh', 'Vinh', 'Det Supt Phil Brewer', 'Peter']",[],[],"['4', '2,200', 'more than 1,000', '100', 'two', 'three', '4']",[],[],[],['English'],"['second', 'second']",['one evening'],['Europe'],"['BBC', ""Radio 4's File"", 'The Home Office', 'BBC', 'The National Referral Mechanism', 'NRM', 'the Home Office', 'ECPAT', 'NRM', 'the Human Trafficking Foundation', 'NRM', 'Vinh', 'NRM', 'the Anti-Trafficking Unit', 'the Metropolitan Police', 'BBC', 'the Home Office', 'NRM', 'BBC Radio 4']",[],[],"['UK', 'Nigeria', 'Heathrow']"
3,[],"['years', 'years', 'the past five years', 'the past eight', 'the mid 1990s', 'The Arduous March', '2011', 'each year', 'several years', 'years Mira', 'four years', '2010', 'a year', 'daily', 'the years', 'the days', 'every six months', 'The years', 'three years', 'the past 20 years', '1999', 'a month', 'up to three years', 'a month', 'these days', 'the last day', 'Twelve days', 'up to three months']",[],"['Chun Kiwon Image', 'Jiyun', 'Chun Kiwon Image', 'Jiyun', 'Chun Kiwon Image', 'Kim Jong-un', 'Jangmadang', 'Getty Images Image', 'Mira', 'Jiyun', 'Mira', 'Chun Kiwon', 'Mira', 'Jiyun', 'Jiyun\n\nJiyun', 'Jiyun', 'Jiyun', 'Jiyun', 'Mira', 'Jiyun', 'Jiyun', 'Mira', 'Jiyun', 'Jiyun', 'Jiyun', 'Jiyun', 'Chun Kiwon', 'Chun Kiwon', 'Mira', 'Jiyun', 'Chun Kiwon', 'Pastor Chun\n\nChun', 'Chun Kiwon', 'Mira', 'Jiyun', 'Jiyun', 'Chun', 'Chun', 'Jiyun', 'Mira', 'Jiyun', 'Mira', 'Jiyun', 'Chun', 'Chun', 'Jiyun', 'Chun', 'Mira', 'Jiyun', 'Chun', 'Jiyun', 'Mira', 'Jiyun']",[],"['177', '53,200', 'hundreds to thousands of US dollars']","['two', 'two', 'at least one million', 'more than half', '22', 'nine', 'just 16', 'two', '11', '140', 'one', 'by - five', 'about 1,200', 'two or three']",[],"['Chinese', 'North Korean', 'North Korean', 'North Koreans', 'Chinese', 'Chinese', 'North Korean', 'Yanji', 'Korean', 'Yanji', 'Yanbian', 'Koreans', 'Chinese', 'North Korean', 'South Korean', 'South Korean', 'North Korean', 'North Korean', 'North Koreans', 'Chinese', 'North Korean', 'North Korean', 'Christian', 'North Korean', 'North Korean', 'Korean', 'North Korean', 'South Korean', 'Chinese', 'South Korean', 'North Koreans', 'North Koreans']",[],"['Yanji', 'English', 'Chinese']","['third', 'first', 'first', 'First', 'third', 'first']","['the minute', 'only four hours', 'every morning', 'nights', 'five-hour', 'five-hour', 'a further 27 hours', 'A few seconds later']","['the Tumen River', 'the Tumen River', 'Hanawon']","['Jiyun', 'USB', 'Fences', 'Durihana Image', 'Jiyun', 'Jiyun', ""Mira's"", 'Mira', 'Jiyun', 'Durihana Image', 'UN', ""The US State Department's"", 'Trafficking in Persons Report', 'Chun Kiwon Image', 'Chun', 'Google Maps', 'ID']",['30%'],[],"['North Korea', 'Yanji', 'China', 'North Korea', 'North Korea', 'South Korea', 'North and South Korea', 'China', 'China', 'Fatherland', 'North Korea', 'China', 'North Korea', 'China', 'North Korea', 'China', 'Tumen', 'China', 'North Korea', 'China', 'North Korea', 'China', 'Yanji', 'North Korea', 'China', 'Jiyun', 'Durihana', 'China', 'North Korea', 'Jiyun', 'Durihana', 'North Korea', 'South Korea', 'China', 'South Korea', 'China', 'China', 'Durihana', 'China', 'South Korea', 'South Korea', 'South Korea', 'South Korea', 'South Korea', 'South Korea']"
4,[],"['five years', '54', 'six years to one year', 'two months', 'September last year', 'September 2017', 'February 2018', 'his 60s', 'his 60s', 'seven weeks', 'three-month', '33', 'Three years', 'eight months', '42', 'Two years', '55', '37', 'Two years', '25', 'Six years', '24', 'Six years', '39', 'One year', 'three months', '33', 'One year and two months']","['Rutland Street', 'Patmore Square', 'Patmore Square', 'Vincent Street', 'Rutland Street', 'Vincent Street']","['Ainars Pelcis', 'Magdalena Kleina', 'Karens Pelcis', 'Ainars Pelcis', 'James Sampson', 'Image', 'Ilgvars Pelcis', 'Karlis Aleksandrovs', 'Magdalena Kleina', 'Jolanta Pelce', 'Karens Pelcis', 'Andris Krauklis', 'Imitra Didzis', 'Det Con Kane Martin', 'Det Con Kane Martin', 'Adam Thompson', 'Linsey Farnsworth']",[],[],"['28', 'nine', 'two', 'five', 'four', 'nine']",[],['Instagram'],[],[],"['first', 'first', 'first']","['night', 'Five-and-a-half years']",[],"['Derbyshire Police Image', 'Ilgvars Pelcis', 'Madara Stromane', 'Nottingham Crown Court', 'Derby and Latvia', 'Derbyshire Police Image', 'St James Road', 'St James Road', 'Madara Stromane', 'Talsul Tukums Latvia', ""the National Crime Agency's"", 'Modern Slavery and Human Trafficking Unit', 'CPS']",[],[],"['Latvia', 'UK', 'Derbyshire', 'Derby', 'Latvia', 'Latvia', 'UK']"
5,[],"['December 2011', 'April 2012', '33', '31', '28', '27', 'Wednesday', 'nights', 'Tuesday']",[],"['John Delaney', 'John Purcell', 'Todd Wickens', 'John McGrath', 'Mr Delaney', 'Mr Delaney']",[],[],"['Four', 'Two', 'one', 'two', 'up to five', 'four']",[],[],[],[],[],[],[],"['Crown Court', 'Delaney']",[],[],"['Wrexham', 'Chester']"
6,[],"['five-month-old', 'Tuesday', '61', '2010', '2011']",['Gen Raúl Becerra'],"['Cinthia Tello', 'Gen Becerra', 'Ms Tello']",[],"['1,187']","['14', '500', '18', 'One', '4,000', 'three']",[],['Peruvian'],[],[],[],"['early morning', '03:00', '08:00']",[],"['Prosecutor-General', 'Neighbours']",[],[],"['Peru', 'Peru', 'Arequipa', 'Peru', 'Peru', 'Peru']"
7,[],"['this year', 'the previous year', 'the first six months of the 2018/2019 financial year', '10 months', '2015', 'Monday']",['Outlook'],"['Anna', 'Doing Money', 'Anna', 'Harrowing', 'Anna', 'Doing Money', 'Anna', 'Anna', 'Anna', 'Jo Fidgen', 'Anna', 'Anca Dumitra', 'Gwyneth Hughes', 'Anna', 'Anna', 'Anna', 'Anca', 'Anna']","['Doing Money\n\n', 'a Human Trafficking and Exploitation Act', 'Doing Money']",[],"['36', '36', 'one', 'an estimated 4.8', 'one', 'thousands', 'one', 'two', '999', '101', '0800']",[],"['Romanian', 'Romanian']",[],[],[],"['21:00 GMT', '24 hours']",[],"['PSNI', 'BBC News NI', 'BBC', 'the International Labour Organisation', 'BBC', 'Stormont', 'PSNI', 'the BBC World Service', 'Doing Money', 'Hughes', 'PSNI', 'the Department of Justice', 'BBC', 'NSPCC', '0808 8005 000']",[],[],"['Northern Ireland', 'Belfast', 'Belfast', 'Belfast', 'Romania', 'London', 'the Republic of Ireland', 'Northern Ireland', 'Belfast', 'Romania', 'Northern Ireland', 'Northern Ireland', 'Sweden']"
8,[],"['September last year', 'September 2017', 'February 2018', 'five years', 'seven weeks', 'three-month', '7 November', 'Wednesday', '33', '42', '55', '37', '25', '24', '39', '33', '7 November']","['Rutland Street', 'Patmore Square', 'Patmore Square', 'Vincent Street', 'Rutland Street', 'Vincent Street']","['Derbyshire', 'Ainars Pelcis', 'Ilgvars Pelcis', 'Karlis Aleksandrovs', 'Derby\n\n', 'Magdalena Kleina', 'Jolanta Pelce', 'Andris Krauklis', 'James Sampson', 'Jana Pelce', 'Mareks Kaira']",[],[],"['two', 'nine', 'at least 30', 'five', 'four', 'eight', 'two']",[],"['Latvian', 'Latvian', 'Instagram']",[],[],['first'],[],[],"['Derby and Latvia', 'Nottingham Crown Court', 'Derby', 'Pelcis', 'St James Road', 'St James Road', 'Derby\n\nKarens Pelcis', 'Derby\n\nMadara Stromane', 'Imitra', 'Talsul Tukums Latvia']",[],[],"['Derby', 'UK', 'Latvia', 'UK', 'Derby', 'UK', 'Twitter']"
9,[],"['This year', '18', 'seven days', 'three months', '2018', 'March']",[],"['Getty Images', 'Bronagh Andrew', 'Adina Schwartz', 'ACC MacDonald', 'Constable Gillian MacDonald']",[],[],"['46', 'two', 'Seven', 'One', 'only one', 'one', 'one', 'more than 1,700', 'one', 'one', 'seven', '12']",[],['Eastern European'],[],[],[],"['at least eight hours', '120 an hour']",[],"['BBC Scotland Investigation', 'Police Scotland']",[],[],"['Scotland', 'Scotland', 'Scotland', 'Tara', 'Scotland', 'Scotland', 'Romania', 'Northern Ireland', 'Romania', 'Glasgow', 'Tara']"
10,[],"['14 years', '21', '14 and 15', 'days', 'weeks', '25 January', 'February', 'March', 'the 21st Century']",['Yarborough Road'],"['Zakaria Mohammed', 'Mohammed', 'Mohammed', 'Mohammed', 'Nicholas Webb', 'Mohammed', 'Mohammed', 'Castro', 'Mohammed', 'Sima Kotecha', 'Mohammed', 'Mohammed', 'Richard Agar', 'Mohammed']",[],['as much as £500'],"['three', 'At least one', 'as many as 10', 'two', 'two', 'more than 100', 'two', 'two', 'one', 'four', 'five']",[],[],['the Modern Slavery Act'],[],['first'],"['every 10 or 15 minutes', 'many hours']",[],"['West Midlands Police', 'Aston', 'Lincoln', 'Police', 'Lincoln', 'Birmingham Crown Court', 'Lincolnshire Police', 'Lincoln', 'Lincoln', 'Lincoln', 'CCTV', 'Lincolnshire Police', 'Midlands', 'West Midlands Police', 'BBC News', 'Lincoln']",[],[],"['Zakaria', 'Birmingham', 'Lincolnshire', 'Birmingham', 'Birmingham', 'Birmingham', 'Birmingham', 'Birmingham', 'New Street']"
11,['A9'],"['Thursday 13 September', '13 September']",['Cockburn Avenue'],"['Detectives', 'Nigel Thacker']",[],[],[],[],['Vietnamese'],[],[],[],['the hours'],[],['Google Image'],[],[],"['Dunblane', 'Dunblane', 'Dunblane', 'Dunblane']"
12,[],"['52', '14 years', '18 years', '2015', '2009', 'July']",[],"['Josephine Iyamu', 'Josephine Iyamu', 'Efe Ali-Imaghodor', ""Josephine Iyamu's"", 'Robert Buckland', 'Mr Buckland', 'Davis', 'Mrs Justice Simler']",['Mr Justice Dove'],[],"['five', 'one', 'three']",[],"['British', 'British']",['Modern Slavery Act'],[],['first'],[],[],"['National Crime Agency Image', 'Birmingham Crown Court', 'the Court of Appeal', 'Kiki', 'the National Crime Agency', 'NCA', 'Iyamu', 'NCA', 'Iyamu', 'Iyamu', 'the Court of Appeal']",[],[],"['London', 'Nigeria', 'Germany', 'Liberia', 'UK', 'Media']"
13,['Calais'],"['Tuesday', '33', 'Monday', 'between November 2017', 'April 2018', 'Tuesday', '24 September']",[],"['Saman Sdiq', 'Saman Sdiq', 'Mr Sdiq', 'Mr Sdiq', 'Westminster']",[],[],['more than 15'],[],"['British', 'Kurdish', 'Dutch', 'Belgian', 'European']",[],[],[],[],[],"[""Westminster Magistrates' Court"", 'the National Crime Agency', 'NCA', ""Westminster Magistrates' Court"", 'Channel', 'NCA']",[],[],"['Edgbaston', 'Birmingham', 'Antwerp', 'Belgium', 'UK', 'France', 'Spain', 'Iraq', 'Belgium', 'Belgium', 'Postel', 'UK']"
14,[],['Friday'],[],['Getty Images Image'],[],[],"['eight', 'Two', '10', 'Seven', 'one']",[],[],[],[],[],[],[],['Det Ch Insp Rory Hamilton'],[],[],"['Glasgow', 'Edinburgh', 'Glasgow', 'Edinburgh', 'Scotland', 'Scotland']"
15,[],"['the long months', '2009', 'between 2009 and 2011', '2012', 'around four years', '2012', 'a day', 'a week', 'nearly three years', 'three years', '2012', 'Last year', 'two-year-old', '2012', 'the age of 18 years', 'about two months']",[],"['Abdul', 'Rebecca Henschke', 'Rote Island', ""Siti Rudy's"", 'Abdul', 'Rote', 'Siti Rudy', 'Abdul', 'Abdul', 'Abdul', 'Abdul', 'Abdul', 'Siti', 'Mark Barrow', 'Abdul', 'Lawyer Mark Barrow', 'Siti', 'Mr Barrow', 'Colin Singer', 'Mr Singer', 'Colin Singer', 'Ali Jasmin', 'Mr Singer', 'Ali Jasmin.', 'Ali Jasmin', 'Ali Jasmin', 'Ali', 'Rote', 'Dede Syamsuri', 'Ali Jasmin', 'Dede Syamsuri', 'Ali Jasmin', 'Dede Syamsuri', 'Dede Syamsuri', 'Ali', 'Erwin Prayoga', 'Ali Jasmin', 'Erwin', 'Baco Ali', 'Erwin', 'Baco Ali', 'Erwin Prayoga', 'Baco Ali', 'Erwin', 'Erwin', 'Baco Ali']",['An Age of Uncertainty'],"['around $100', 'about $100']","['More than 120', 'one', 'two', '14', 'More than 120', '13', 'just two', '14']",[],"['Indonesians', 'Indonesian', 'Australian', 'Australian', 'Australian', 'Australian', 'Australian', 'Australian', 'Indonesian', 'Indonesian', 'Australian', 'Indonesian', 'Indonesian', 'Indonesian', 'Indonesian', 'Indonesian', 'Australian', 'Indonesian', 'Indonesian']",[],[],['first'],[],[],"['BBC', 'the Australian Human Rights Commission', 'Ken Cush Associates', 'the Australian Human Rights Commission', 'the Australian Federal Police', 'Commonwealth', 'the Australian Human Rights Commission', 'Commonwealth of Australia', 'Court of Appeal', 'Australian Human Rights Commission', 'CDPP', 'Commonwealth', 'CDPP', 'BBC', 'CDPP', 'BBC', 'the Australian Human Rights Commission']",[],['about 500km (300 miles'],"['Media', 'Australia', 'Australia', 'Indonesia', 'Oelaba', 'Australia', 'Australia', 'Indonesia', 'Australia', 'Rote', 'Australia', 'Indonesia', 'Indonesia', ""Western Australia's"", 'Australia', 'Indonesia', 'Australia', 'Australia', 'Australia', 'Indonesia', 'Perth', 'Morocco', 'Indonesia', 'Indonesia', 'Australia', 'Indonesia', 'Indonesia', 'Canberra', 'Indonesia', 'Rote', 'Indonesia', 'Rote Island', 'Australia', 'Australia', 'Australia']"
16,[],"['29 July', '49', '46', '4 August', '30 August', '3 August', '31', '34', '35', '4 August']","['Bisterne Avenue', 'Park Street Lane', 'High Street']","['Kent', 'Hoa Thi Nguyen', 'Wayne Lee', 'Mr Nguyen', 'Mr Lee', 'Watford', 'St Albans', 'Egert Kajici', 'Thomas Mason']",['Grasmere Close'],[],"['Two', 'Three', 'two', 'two']",[],[],[],[],[],[],[],"['Walmer', 'Eastern Region Special Operations Unit', 'ERSOU', 'Border Force', 'ERSOU', 'Border Force', 'Nazmi Velia']",[],[],"['UK', 'Walthamstow', 'UK', 'London', 'UK', 'Turner Drive', 'Oxford', 'Eyeworth']"
17,[],"['January this year', 'two years', 'January of this year', 'modern day']",[],"['Getty Images Image', 'Eran Cutliffe', 'Eran', 'Avon', 'Thu Nguyen', 'Giang Tran', 'Eran', 'Facebook', 'Twitter', 'Newsbeat']","['The Prosecutors', 'Eran tells Newsbeat']",[],"['three', '2015', 'Two', 'three']",[],['Instagram'],"['Modern Slavery Act', 'the Modern Slavery Act']",[],"['first', 'second', 'second', 'first']",[],['Europe'],"['BBC', 'L-R', 'BBC Radio 1']",[],[],"['UK', 'UK', 'UK', 'Bath', 'Vietnam', 'UK', 'UK', 'Viet Nguyen', 'Bath', 'UK', 'Vietnam', 'UK', 'the West Country', 'Bath', 'UK', 'UK', 'Eran']"
18,[],"['one day', 'March 2011', 'nine months', 'Monday 5 November', '18', '19', '20', 'months', 'Some days', 'other days', 'July', 'four months', 'one day', 'months', 'years', 'two-year', 'two years', 'six months', 'eight months', 'two years', '2015', '2017', 'nine months', 'years', 'the 1970s']","['Outlook', 'Outlook']","['Anna', 'Anna', 'Beyoncé', 'Anna', 'Facebook', 'Anna', 'Anna', 'Anna', 'Anna', 'Anna', 'Anna', 'Anna', 'Natalia', 'Lara', 'Anna', 'Anna', 'Find', 'Anna', 'Jo Fidgen', 'Anna', 'Anna', 'Anna', 'Anna', 'Anna', 'Anna', 'Anna', 'Anna', 'Facebook', 'Anna', 'Anna', 'Anna', 'Anna', 'Andy', 'Andy', 'Anna', 'Anna', 'Anna', 'Anna', 'Anna', 'Lord Morrow', 'Anna', 'Anna', 'Anna', 'Anna', 'Katie Horwich', ""Pauline Dakin's"", 'Facebook', 'YouTube']",['The Human Trafficking and Exploitation Act'],[],"['three', 'two', 'two', 'more than a dozen', 'thousands', 'up to 20', '80', '160-200', 'three', 'four', 'four', 'one', 'one', 'one', 'One', 'one', 'one', '999', '101', '0800', '23']",[],"['Romanian', 'Romanian', 'Swedish', 'Unionist', 'Instagram']",[],[],"['first', 'first', 'first']","['21:00', 'half an hour', 'an hour', 'the night', 'the following morning', 'a few hours later', 'midnight', '24 hours']","['the Middle East', 'the Middle East']","['Wood Green', 'BBC Two', 'BBC', 'the BBC World Service', 'NSPCC', '0808 8005', 'the Northern Ireland Assembly', 'Ebury Press', 'BBC Stories']",[],[],"['London', 'Romania', 'Ireland', 'London', 'Romania', 'UK', 'Ireland', 'Media', 'Rachel, Ruby', 'Latvia', 'Poland', 'Hungary', 'Romania', 'Ireland', 'Ireland', 'Romania', 'Belfast', 'Dublin', 'Northern Ireland', 'Northern Ireland', 'Northern Ireland', 'UK', 'the Republic of Ireland', 'UK', 'Canada', 'Twitter']"
19,[],"['the last 18 months', 'between two and 17', 'seven days', 'January 2017', '2012', '2017', '2017', 'June 2017']",[],"['Wales', 'Eva', 'Wales', 'Stephen Chapman', 'Wales', 'Greater Manchester', 'Barnardo', 'Stephen Chapman', 'Wales', 'Welsh', 'Mr Chapman', 'Wales', 'Victims', 'Eva', 'Manumit', 'Eva', 'Manumit']",[],[],"['One', 'Nearly 150', 'two', 'One', '143', 'one', 'three', '34', '193', '5', 'two', '11', 'two']",[],[],[],[],['first'],"['24 hours', '24 hours']",[],"[""the Welsh Government's"", ""the Welsh Government's"", ""the National Crime Agency's"", 'NCA', 'Cardiff', 'Red Community']",[],[],"['Media', 'Lithuania', 'Wales', 'Hampshire', 'Wales', 'Wales', 'Wales', 'Wales']"
20,[],"['four-day', 'four-day']",[],"['Dave Shaw', 'Brighouse']",[],[],"['eight', 'Two', 'eight', '15', 'Five', 'two', '36', 'One']",[],[],[],[],[],[],['West Yorkshire'],['Google Image'],[],[],"['Calderdale', 'Calderdale', 'UK', 'UK', 'UK', 'Det Ch Insp Shaw', 'Calderdale', 'Halifax', 'Hebden Bridge']"
21,[],"['20 and 45', 'a later date']",[],[],[],[],"['Two', 'two']",[],"['Vietnamese', 'Moray', 'Elgin']",[],[],[],[],[],['Elgin Sheriff Court'],[],[],['Dover']
22,[],"['2016', '2012', 'between 19 and 58', '2012', 'four years later', 'A few months later', '3 September']",[],"['Darrell Houghton', 'Jackie Judge', 'Kent', 'Kent Police', 'Mr Mankevicius', 'Mr Houghton', 'Mr Mankevicius -', 'Mr Houghton']",[],[],"['six', 'six', '12', 'more than 30']",[],"['British', 'Lithuanian', 'Lithuanian', 'Lithuanian', 'Rottweiler', 'Lithuanian']",[],[],[],[],[],"['High Court', 'The Gangmasters Licensing Authority', ""DJ Houghton's"", 'Edikas Mankevicius', 'DJ Houghton Catching Services Ltd.', 'the Crown Prosecution Service', 'CPS', 'High Court', 'Kent Police', 'Medway Magistrates Court']",[],[],"['Media', 'UK', 'West Malling', 'Lithuania', 'Lithuania', 'UK', 'UK', 'Klaipeda', 'Lithuania']"
23,[],[],"[""Lagos' Murtala Mohammed International Airport""]",[],[],[],"['nine', 'one', 'Five', 'Five', 'one']","['the World Cup', 'the World Cup']","['Nigerian', 'Nigerians', 'Russian', 'Nigerian']",[],[],[],[],"['Africa', 'Europe']","['AFP Image', 'the National Agency for Prohibition of Trafficking in Persons (Naptip', 'Naptip', 'UN']",[],[],"['Russia', 'Lagos', 'Moscow', 'Russia', 'Russia', 'Nigeria', 'Italy']"
24,[],"['2017', 'Last year', '2018', 'earlier this year', '2017', '2018']",['Kantar TNS'],"['Michael Matheson', 'Scots', 'Michael Matheson', 'Mr Matheson', 'Annan', 'Alva', 'Fort William', 'Scots', 'Mr Matheson']",[],[],"['more than 1,000']",[],"['Scottish', 'Scottish']",[],[],[],[],['Europe'],['PA Image'],"['87%', '80%', '14% to 16%', '"" - 20%', '13%', '12%', '59%', '69%']",[],"['Scotland', 'Scotland', 'Victims', 'Scotland', 'Scotland', 'Scotland', 'Scotland', 'Scotland', 'Scotland']"
25,"['Victoria Derbyshire', 'Victoria Derbyshire']","['2014', '2014', 'Last November', 'six-month', 'December']",[],"['Lawyer Sulaiha Ali', 'Sara', 'Sara', 'Sulaiha Ali', 'Sara', 'Sara', 'Sara', 'Yarl', 'Yarl', 'Ms Ali', 'Sara', 'Ms Ali', 'Sara', 'Sara', 'Ms Ali', 'Pragna Patel', 'Pragna Patel', 'Caroline Lucas', ""Catrin Nye's"", 'Guidance', 'Victoria Derbyshire']",[],[],"['More than half', 'One', '45', 'Twenty-seven', 'Three', 'two', 'Only three']",[],"['British', 'Duncan']",['a Freedom of Information'],[],"['first', 'first']",['between 09:00 and 11:00'],[],"['Media', 'the Home Office', 'The Home Office', 'BBC', 'Victoria Derbyshire', 'the Home Office', 'Police Scotland', 'Southall Black Sisters', 'the Home Office', 'Green Party', 'the National Police Chiefs Council', 'NPCC', 'NPCC', 'the Home Office', 'The Home Office', 'Leo Sands', 'BBC', 'BBC Two', 'BBC News']",[],[],"['UK', 'UK', 'UK', 'UK', 'Sara', 'UK', 'UK']"
26,[],"['April', 'annual', 'year', 'Today', 'annual', 'modern-day']",[],"['Lynne Owen', 'Dominic Casciani']",[],['billions of pounds'],"['4,629', 'thousands', 'one', '3,000']",[],['British'],[],[],[],[],"['Europe', 'Eastern Europe']","['PA Image', 'National Crime Agency', 'the National Crime Agency', 'NCA', 'NCA', 'BBC', 'NCA', 'NCA', 'NCA']",[],[],"['UK', 'UK', 'UK', 'Russia', 'Nigeria', 'Pakistan', 'London', 'UK', 'Belgium', 'Netherlands', 'UK', 'UK', 'UK', 'UK']"
27,[],[],['Operation Libertad'],"['Operation Libertad', 'Victims', 'Cem Kolcu', 'Barbados', 'Buenos Aires', 'Tim Morris', ""Diana O'Brien"", 'Mr Morris']",[],[],"['13', 'Nearly 350', '13', '22', 'two']",[],"['Caribbean', 'Latin American', 'Canadian', 'Dutch', 'Turks', 'Caicos', 'Grenadines', 'Asian']",[],[],[],[],"['Caribbean', 'Africa', 'Caribbean', 'Asia']","['Interpol Image', 'The Interpol-coordinated', 'Interpol', 'Interpol', 'Interpol Image', 'Interpol', 'BBC', 'Guyana', 'Interpol Image', 'Saint Vincent', 'Mr Morris', 'Interpol Image', 'Mr Morris', 'Mr Morris', 'Interpol', 'Mr Morris']",[],[],"['Guyana', 'Aruba', 'Curacao', 'UK', 'Brazil', 'Venezuela', 'Lyon', 'France', 'Argentina', 'Guyana', 'America']"
28,[],"['three years', '2015', '50', 'three years', '2015', 'July 2015', 'three years', 'Wednesday']",[],"['Shamsul Arefin', 'Shamsul Arefin', 'Arefin', 'Liam Murphy']",[],[],"['four', 'one', '93,443']",[],[],[],[],[],['excessively long hours'],[],"['Police Scotland Image', ""Lochaber's Stewart Hotel"", 'the Crown Office', 'Fort William Sheriff Court', 'Arefin', 'Fort William Sheriff Court', 'Arefin']",[],[],"['Bangladesh', 'Scotland', 'Appin', 'Argyll', 'Vulnerable']"
29,[],"['more than 20 years', 'days']",[],"['Sara', 'Victoria Derbyshire']",[],[],[],[],[],[],[],[],['between 09:00 and 11:00'],[],"['BBC', 'BBC Two', 'the BBC News Channel']",[],[],"['UK', 'UK']"
30,"['Victoria Derbyshire', 'Victoria Derbyshire']","['its first year', 'their day', 'one day', 'her day', 'just a few years ago', '16', 'more than 20 years', 'years', ""Christmas Day'"", 'three days', 'years', 'Christmas Day', 'its first year', 'years']",[],"['Sara', 'Sara', 'Sara', 'Sara', 'Sara', 'Sara', 'Getty Images Image', 'Sara', 'Sara', 'Sara', 'Downton Abbey', 'Sara', 'Anne Read', 'Sara', 'Getty Images Image', 'Unseen', 'Sara', 'Sara', 'Victoria Derbyshire']",[],['a single penny'],"['5,000', 'one', 'at least 13,000', '3,710', '4,886', '94', 'one']",[],[],['the Modern Slavery Act 2015'],['English'],"['first', 'first', 'first', 'first']","['09:00', 'six hours', '23:00', 'each night', 'between 09:00 and 11:00']",[],"['the Home Office', 'the Salvation Army', ""Black Country Women's Aid"", 'the Salvation Army', 'the National Crime Agency', 'The Home Office', 'BBC', 'BBC Two', 'the BBC News Channel']",[],[],"['Media', 'UK', 'UK', 'UK', 'UK', 'UK', 'UK', 'Britain', 'UK', 'UK']"
31,[],"['2017', 'three years', '2017', '2016', '90 days', '2018-19', '2019-2020', '2020-2021', 'those successive years', '2017-18']",[],"['Getty Images Image', 'Tara', 'Michael Matheson', 'Michael Matheson', 'Bronagh Andrew', 'Phil Dailly', 'Tara']",[],"['more than £3', '440,000', '602,000 and £614,000']","['213', '213', 'over half', '430,000', '437,000', '590,000', '317,500', '465,500']",[],"['Scottish', 'Scottish']",[],[],[],[],[],"['the Trafficking Awareness Raising Alliance', 'Migrant Help', 'Justice', 'Justice', ""Migrant Help's"", 'Migrant Help']","['42%', '64%']",[],"['Tara', 'Scotland', 'Tara']"
32,[],"['up to 20 years', '6 April']",['Brisbane airport'],"['Getty Images Image', 'Terry Price']",[],[],['eight'],"['the Commonwealth Games', 'the Commonwealth Games', 'The Commonwealth Games']","['Indian', 'Australian']",[],[],[],[],['Gold Coast'],"['AFP', 'Border Force']",[],[],"['Australia', 'Australia', 'Bangkok', 'Australia', 'Australia']"
33,['Sushma Swaraj'],"['February 15', 'Saturday']",[],"['Kouser Begum', 'Kouser Begum’s', 'Samina Begum', 'Sushma Swaraj', 'Salma Begum', 'Ghousia Begum', 'Yakutpura', 'Kouser', 'Amjedullah Khan', 'Chanchalguda', 'Kulsum Begum', 'Sami', 'Chanchalguda', 'Ali Abbas', 'Kulsum Begum’s', 'Ruksar Begum', 'Kulsum Begum']",[],[],"['Two', 'one', 'five', 'two']",[],"['Indian', 'Indian', 'Indian', 'Indian']",[],[],['first'],[],['Gulf'],"['Dabeepura', 'Wahed', 'MBT']",[],[],"['Kuwait', 'Muscat', 'Hyderabad', 'Kuwait', 'Kuwait', 'Amannagar', 'Kuwait', 'Kuwait', 'Oman', 'Muscat', 'Muscat', 'Muscat', 'Muscat']"
34,[],['the last two months'],[],"['Khushi', 'Shakti Singh Shekhawat', 'Khushi', 'Shekhawat', 'Shekhawat']",[],[],"['40', 'eight']",[],['Ajmer'],[],[],[],[],['Operation Khushi'],"['the District Legal Aid Service Authority', 'DLASA', 'DLASA', 'DLASA']",[],[],"['Ajmer', 'Dargah', 'West Bengal', 'Ajmer']"
35,[],"['Saturday', 'February', 'December 2015', 'the last four years']",[],"['Sushma Swaraj', 'Samina Begum', 'Kouser Begum', 'Samina Begum', 'Ghousia Begum', 'Yakutpura', 'Abdul Razzak Khan', 'Abdul Fahah Khan', 'Talal Saud Abdullah Al Fadhli', 'Samina Begum', 'Shameem Begum', 'Rabia Begum', 'Hamood Almagami’s', 'Rabia Begum', 'Shameem Begum']","['Swaraj’s', 'Omani Riyals']",[],"['two', '20,000', 'two', 'five', '3', '700', '1.29', 'another 800']",[],['Indian'],[],[],[],[],[],"['Dabeerpura', 'Wahed', 'Ayesha Khadim', 'Omani Riyals']",[],[],"['Hyderabadi', 'Oman', 'Kuwait', 'Kuwait', 'Sushma', 'Kuwait', 'Mumbai', 'Kuwait', 'Sharjah', 'India', 'Errakunta', 'Muscat', 'Oman', 'Mabella', 'Muscat', 'India', 'Muscat', 'Muscat', 'Oman', 'Oman']"
36,[],"['Friday', 'Friday']",['Anand Vihar'],"['Meghna Yadav', 'Jaya Sharma', 'Cops', 'Sharma', 'Rohtash Nagar']",[],[],['two'],[],[],[],[],[],[],[],"['DCP', 'Sharma', 'NCR']",[],[],['Shahdara']
37,[],"['50s', 'Sunday', 'six years ago', '20 years', '2016']",[],"['Rescued', 'Shivamma', 'Karnataka', 'L Narayanswamy', 'Aravind Kumar']",[],[],"['370', '404', '1,273', 'five', '16']",[],[],[],[],"['first', 'sixth']",[],[],"['Shivamma', 'the Judicial Colloquim on Anti-Human Trafficking', 'the Karnataka State Legal Services Authority', 'Shivamma’s', 'IPC', 'National Crime Records Bureau', 'NCRB', 'Karnataka']",[],[],"['Harohalli', 'Kanakapura', 'Karnataka']"
38,"['Swaraj', 'Rs 2', 'Swaraj']","['10 days ago', 'December 9, 2018', 'September 24 last year', '22', 'January 23 this year', 'March 21and']",[],"['Sushma Swaraj', 'Rasheeda Begum', 'Farah Naaz', 'Farah', 'Farah', 'Farah', 'Amjed Ullah', 'Khan', 'Khan', 'Mohd Sardar', 'Mehraj Begum', 'Mehraj', 'Sardar', 'Mehraj', 'Safia Begum', 'Zakiya Mirza', 'Mohammed', 'Salma', 'Safia', 'Khan']",[],[],"['three', '25,000']",[],"['Indian', 'Indian']",[],[],['third'],"['several hours', 'Wednesday evening']",['Gulf'],"['Ameena', 'Rasheeda', 'Kachiguda', 'Rasheeda', 'Aghapura', 'Roushan Colony in Rajendranagar', 'Zakiya', 'Zakiya’s', 'Zakiya']",[],[],"['Salala', 'Oman', 'Shaheen Nagar,', 'Oman', 'Oman', 'Muscat', 'Farah', 'Kuwait', 'Swaraj', 'Kuwait', 'India', 'Kuwait', 'Kuwait', 'India', 'Kuwait']"
39,[],"['49', 'Tuesday', 'February-May']",[],"['Mahipal Harsolia', 'Dongri', 'Deshwal.""Interrogations', 'Mahipal', 'Deshpal', 'Mahipal and Deshpal']",[],[],"['two', '48', 'two', '15', '1']",[],[],['the Passport Act'],[],[],[],[],"['CIU', 'Shailendra Deshwal', 'IPC', 'the Bureau of Immigration', 'Mahipal', 'Mahipal and Deshpal', 'Mahipal']",[],[],"['US', 'Mexico', 'Japan', 'Japan', 'Mexico', 'Mexico', 'Jalandhar', 'US', 'Jalandhar']"
40,[],"['December 9, 2018', '10 days ago', 'September 24, 2018']",[],"['Sushma Swaraj', 'Rasheeda Begum', 'Fara Naaz', 'Rajendranagar', 'Farah Naaz', 'Rasheeda Begum', 'Sushma Swaraj', 'Amjed Ullah', 'Khan', 'Fara Naaz', 'Khan', 'Mohd Sardar', 'Mehraj Begum', 'Mohd Sardar', 'Mehraj Begum', 'Amjed Ullah Khan']",[],[],"['Two', '25,000']",[],"['Indian', 'Indian', 'Indian']",[],[],[],[],"['Gulf', 'Shaheen']","['Kachiguda', 'Rasheeda', 'Aghapura', 'Rs 2']",[],[],"['India', 'Salala', 'Oman', 'Oman', 'Oman', 'Muscat', 'Kuwait', 'Sushma Swaraj', 'Kuwait', 'India', 'Kuwait', 'Muscat', 'Hyderabad']"
41,['Rs 1.6'],"['Days', 'three years ago', 'monthly', 'two years']",['NTI Layout'],"['Made Gowda', 'Venkatesh Murthy', 'Cops']",[],[],"['nine', 'nine', '9,000', '15,000']",[],['Indian'],[],[],[],['the night'],['Hassan district'],"['Amruthahalli', 'Madhya Pradesh']",[],[],"['Bengaluru', 'Ganga', 'Chhattisgarh', 'West Bengal', 'Ramachandrapura', 'Madhya Pradesh']"
42,[],[],[],"['Maya Sathwara', 'Prakash Marathi', 'Sathwara', 'Marathi', 'Anand Sharma', 'Bhind']",[],[],"['one', 'two']",[],[],[],[],[],[],[],"['AHMEDABAD', 'Dastan Farm', 'Shailendra Shivram']",[],[],"['Naroda', 'Bhavnagar', 'Morena']"
43,[],['December 5 last year'],[],"['Shaik Abdul Razzak', 'Sushma Swaraj']",[],[],[],[],['Indian'],[],[],[],['14-16 hours'],[],"['Ameena', 'Ameena', 'Masab Tank', 'Razzak']",[],[],"['Hyderabad', 'Hyderabad', 'Kuwait', 'Kuwait', 'Kuwait', 'Naryanguda', 'Kuwait']"
44,[],"['Wednesday', '8 to 14 years', 'about three months ago']",[],"['Govind Sharma', 'Ganj', 'Aara Tari']",[],[],"['eight', 'two', 'eight', 'two to three thousand']",[],[],[],[],[],"['14 to 16 hours', 'more hours']",[],"['Dargah Bazaar', 'Longiya Mohalla', 'Ajmer']",[],[],"['West Bengal', 'Madara', 'Longiya', 'West Bengal', 'West Bengal', 'Ratimbul', 'Rahamat', 'Ratimbul', 'Rahamat', 'West Bengal']"
45,['Shailendra Shivram of Bhind'],"['Tuesday', 'Sunday', 'Tuesday', '2016', 'Sunday', 'more than eight years']",[],"['Anand Sharma', 'Maya Sathawara', 'Prakash Marathi', 'Sharma', 'Maya']",[],[],"['two', 'two', 'two', '6', 'four', 'two', 'two']",[],"['Isanpur', 'Shivram']",[],[],[],[],[],[],[],[],"['Morena', 'Sharma', 'Shivram', 'Maya']"
46,['Rs 2'],"['Sunday', 'between 14 and 18']",[],"['Maya Sathwara', 'Prakash Marathi', 'Sunil Rajput', 'Rajput', 'Maya Sathwara', 'Prakash Marathi', 'Ashok Yadav']",[],[],"['two', 'two', '30', 'more than fifty', 'one', '000']",[],"['Isanpur', 'Kumudben']",[],[],['first'],[],['Dastan Circle'],"['AHMEDABAD', 'Uttar', 'Vatva', 'the Central Bureau of Investigation']",[],[],"['Naroda', 'Ahmedabad']"
47,['Rs 2'],"['30', 'Sunday', '2016', '14 and 18 years', '2014', '2013', 'every three months']",[],"['Maya Sathwara', 'Prakash Marathi', 'Masi', 'Sathwara', 'Sathwara', 'Marathi', 'Maya', 'Marathi', 'Maya', 'Jasoliya', 'Ahmedabad', 'Jasoliya', 'Jasoliya']",[],[],"['two', 'one']",[],"['Vatva', 'Ahmedabad']",[],[],[],[],['Pradeep Jasoliya'],"['AHMEDABAD', 'Ghodasar', 'CBI', 'Tolambiya']",[],[],"['Solapur', 'Narol', 'Kathwada', 'Maya', 'Vejalpur', 'Kagdapith', 'Gujarat', 'Maya', 'Kathwada', 'Dakor', 'Botad', 'Bhavnagar']"
48,[],"['four years', 'Saturday', 'Sunday', 'Sunday', '14 year old', '2014']",[],['Maya'],[],[],['six'],[],[],[],[],[],[],[],"['AHMEDABAD', 'Police Saurabh Tolambiya', 'Madashtra', 'CBI', 'CBI']",[],[],"['Ahmedabad', 'Ahmedabad', 'Isanpur', 'Kagdapith']"
49,[],"['Friday', '2012', '2012', 'around six months ago', 'January', 'Republic Day arrangements', 'a week', 'Today', 'Friday', 'over a year ago', 'Saturday']",[],"['Bareilly', 'Bareilly', 'Sher Mohammad', 'Child Lines', 'Mohammad', 'Anagha', 'Mohammad']",[],[],"['three', '16']",[],"['Badaun', 'Swadhar']",[],[],[],[],[],"['NGO', 'Sithaura', 'Anagha', 'DN Sharma', 'the Mumbai Police', 'the Mumbai Police']",[],[],"['Bangladesh', 'Mumbai', 'Delhi', 'Purnata', 'Mumbai', 'Bangladesh', 'Mumbai', 'Delhi', 'Purnata', 'Sithaura', 'Bareilly']"
50,[],"['months', 'Tuesday', 'two days', 'one year', 'our three months', 'five months', '10 days', 'two months', 'two years']",[],"['Karimnagar', 'Kuppu Madhu', 'Jakranapalle Mandal', 'Erbil', 'Madhu', 'Rajender', 'Balkonda Mandal', 'Erbil', 'Pulla Sayanna', 'Erbil', 'Vijay Acharya', 'Erbil', 'Vijay Acharya', 'G Sandeep', 'Erbil']",[],[],"['15', 'at least 20', '14', '15', '1.5', '20', 'two', 'two', '1.3', 'One', '25 to 30', '20,000']",[],[],[],[],[],['minutes'],['Gulf'],"['Thorlikonda', 'TOI', 'Chittapur', 'TOI', 'B Narender', 'TOI', 'Argul', 'TOI', 'NRI']",[],[],"['Telangana', 'Iraq', 'Iraq', 'Libya', 'Telangana', 'Hyderabad', 'Delhi', 'Dubai', 'Nizamabad', 'Adilabad', 'Telangana', 'Delhi', 'Nizamabad', 'Erbil', 'Iraq', 'Dubai', 'Hyderabad', 'Dubai', 'Dubai', 'Nizamabad', 'Iraq', 'Hyderabad', 'Dubai', 'Nizamabad', 'Erbil', 'Nizamabad', 'Erbil', 'Lakshmapur', 'Jakranpally', 'Dubai', 'Hyderabad', 'Dubai', 'Nizamabad', 'Telangana']"
51,[],"['the past five months', 'the past five months']",[],"['Telangana NRI', 'Basanth Reddy']",[],[],"['Fourteen', '15', '15', '14', 'One', 'fourteen', '1.5', '15']",[],['Indian'],[],[],[],['Tuesday early hours'],[],"['Telangana NRI', 'Gulf Telangana Welfare and Cultural Association', 'Consul General of India', 'Chitti Babu', 'TOI', 'Gulf Telangana Association', 'Gulf Telangana Welfare and Cultural Association', 'TOI']",[],[],"['Nizamabad', 'Telangana', 'Erbil', 'New Delhi', 'Erbil', 'Iraq', 'India', 'Erbil', 'Kurdistan', 'Iraq', 'Basanth Reddy', 'Iraq', 'Nizamabad', 'Adilabad', 'Karimnagar', 'Hyderabad', 'Erbil']"
52,[],"['July', '20-22 days']",['Kashmere Gate'],"['Lopsang Lama', 'Sanjeev Kumar Yadav', 'Lama', 'Wazirabad', 'Atul Tygi', 'Dalip Kumar', 'Kudsia Ghat']",[],[],"['16', '33', '16']",[],"['Nepalese', 'Nepalese']",[],[],[],['Saturday night'],"['Yamuna', 'Gulf', 'Okhal Doonga', 'Gulf']","['Delhi Police Special Cell', 'Rs 1', 'Delhi Commission for Women ( DCW', 'DCW', 'Delhi Police', 'Monastery', 'Manoj Tyagi']",[],['about 400 metres'],"['Munirka', 'Nepal', 'East Nepal', 'Yamuna', 'Delhi', 'Kuwait', 'Kuwait', 'Dubai', 'Iraq']"
53,['Madhya Pradesh'],"['Wednesday', '1142', 'between 2015 and 2017', 'the three years', 'the three years', 'last year', '2895', 'January 7 three', 'October 17, 2018', 'several days', 'October 29, 2018']",[],"['Ganeshi Lal', 'Sujata Karthikeyan', 'Karthikeyan', 'Santosh Upadhyay', 'Manaswini Mishra', 'Jharsuguda', 'Puri']",[],[],"['three', '660', '288', '268', '359', '66', 'At least 10', 'five', 'three']",[],[],[],[],[],[],['the Crime Branch'],"['Odisha', 'Sambalpur', 'Crime Branch', '” DGP Sharma', 'Mission Shakti']",[],[],"['Delhi', 'Haryana', 'Kolkata', 'Konark']"
54,"['SHO', 'SHO']",['Friday'],[],"['Kishan Kumar', 'Guddu', 'Pooja', 'Guddu', 'Bareilly']",[],[],[],[],['Kolkata'],[],[],[],['Friday noon'],[],"['GRP', 'Guddu', 'GRP', 'TOI', 'GRP']",[],[],"['Subhashnagar', 'Kolkata', 'Kolkata', 'Kolkata', 'Kolkata', 'Subhashnagar', 'Kolkata', 'Kolkata', 'Kolkata']"
55,"['Shailendra Rathore', 'Madhya Pradesh', 'Madhya Pradesh']","['November 11', 'a week', 'around 15 years', 'around three to four years', 'three-year-old', 'Wednesday']",[],"['Vadodara', 'Prashant Dubey', 'A Raju', 'Dr Raju', 'Raju', 'Cops', 'Raju', 'Dinesh Solanki', 'Raju', 'Vipul Shrivastava', 'Raju', 'Raju', 'Raju', 'Rathore', 'Shrivastava']",[],[],"['five', 'Nine', '13', 'two', 'five']",[],[],[],[],"['Firstly', 'secondly']",[],[],"['Kesar Hospital', 'Chhota Udepur', 'Kesar Hospital', 'Baroda Medical College', 'Chhota Udepur']",[],[],"['Alirajpur', 'Chhota Udepur', 'Vadodara', 'Dahod', 'Chhota Udepur', 'Alirajpur', 'Chhota Udepur', 'Alirajpur', 'Alirajpur', 'Alirajpur']"
56,[],"['the day', 'Today', 'Wednesday', 'last year', 'Wednesday', '15 years old', 'the 1990s']",[],"['Nancy Salzman', 'Nxivm', 'Salzman', 'Keith Raniere', 'Raniere', 'Salzman', 'Raniere']",[],[],"['six', 'two', 'one']",[],[],[],[],[],[],[],[],[],[],['Albany']
57,[],"['November 16', 'November 16 last year', 'November', 'every day', '15 years']",['Ambattan Kollai'],"['Cyclone Gaja', 'Cyclone Gaja', 'Rajathi', 'Gaja', 'Vedanayaki', 'Vadanayaki', 'Rajathi', 'Chitra', 'Vattatchi Kottai', 'Lok Sabha Elections 2019', 'Facebook']",[],[],"['12', '3', 'four', '80', '400', 'one', 'hundreds', '543', '2019']",[],"['Nataraian', 'Indian']",[],[],[],[],"['Tamil Nadu', 'Twitter']","['Tamil Nadu', 'Chitra', 'Chitra', 'NDTV']",[],"['60 kilometres', 'A few metres']","['Thanjavur', 'Vedanayaki', 'Instagram']"
58,[],"['Thursday', 'three months', 'four-day', 'recent years', '2012']",[],"['Tribun Medan', 'Rohingya Muslims Mr Sihite', 'Hundreds', 'Rohingya', 'Rohingya', 'Lok Sabha Elections 2019', 'Facebook']",[],[],"['193', 'One', 'tens of thousands', 'More than 700,000', '543', '2019']",[],"['Indonesian', 'Indian']",[],[],['first'],['Tuesday night'],"[""North Sumatra's"", 'Twitter']","['Reuters', 'Bangladeshis', 'Sihite', 'U.N.']",[],[],"['Indonesia', 'Malaysia', 'Indonesia', 'Bali', 'Yogyakarta', 'Malaysia', 'Medan', 'Sumatra', 'Mahbub', 'Malaysia', 'Bangladesh', 'Bali', 'Mahbub', 'Sumatra', 'Myanmar', 'Malaysia', 'Rakhine', 'Bangladesh', 'Rakhine', 'Instagram']"
59,[],"['today', 'Friday', 'Friday', 'the next day', 'the last four months']",[],"['Asha Kali Tamang', 'Bishwoi Khadka', 'Hasina Kharbhih', 'Lok Sabha Elections 2019', 'Facebook']",['Manipur Director General of Police LM Khaute'],[],"['As many as 183', '32', '151', 'eight', '40', 'five', '15', 'One', '80', 'Twenty', 'at least 150', '543', '2019']",[],"['Nepalese', 'Indian', 'Indian']",[],[],[],[],"['Northeast', 'South Asia', 'the Middle East', 'Twitter']","['Imphal', 'NDTV', 'Imphal', 'NGO', 'Maiti Nepal', 'the Impulse NGO Network', 'the Impulse NGO Network', 'NDTV']",[],[],"['Manipur', 'Moreh', 'Tengnoupal', 'Myanmar', 'Sindhupalchok', 'Nepal', 'Moreh', 'Manipur', 'Moreh', 'Myanmar', 'Tengnoupal', 'Shillong', 'Manipur', 'Imphal', 'Myanmar', 'Instagram']"
60,[],"['Monday', 'January 12', 'January 5', 'a couple of years', 'Monday', '2015', '2015', 'that year']",[],"['Dayamatha', 'Munambam', 'Lok Sabha Elections 2019', 'Facebook']",[],[],"['40', 'two', '40', 'Nine', 'four', '543', '2019']",[],"['Keralite', 'Tamil', 'Australian', 'Indian']",[],[],[],[],"['Manus Island', 'Twitter']","['non-Keralites', 'Munambam', 'Kerala Police and Intelligence Bureau', 'Munambam', 'the Coast Guard', 'Tamil Nadu', 'PTI', 'Consul-General', 'Regional Processing Centres', 'the Kerala Police', 'Tamil Nadu', 'Munambam']",[],[],"['Australia', 'Ernakulam', 'Cherai', 'Delhi', 'Australia', 'Cherai', 'Kodungallur', 'Thrissur', 'Australia', 'India', 'Nauru', 'Papua New Guinea', 'Sri Lankan', 'Australia', 'Instagram']"
61,[],"['2018', 'the earlier years', '2010']",[],"['Yury Fedotov', 'Member States', 'Lok Sabha Elections 2019', 'Facebook']",[],"['30 per cent', 'about 5 per cent', '59 per cent', '35 per cent']","['a third', '142', 'more than 40', 'almost three-quarters', 'One', '543', '2019']",[],"['South Asian', 'South Asian', 'Nordic', 'Asian', 'African', 'European', 'Indian']",[],[],[],[],"['Europe', 'South Asia', 'South-West Asia', 'Western and Southern Europe', 'South Asia', 'the Middle East', 'South Asia', 'Southern Europe', 'North America', 'South Asia - Bangladesh', 'South-East Asia', 'Asia', 'Americas', 'East Asia', 'Africa', 'the Middle East', 'the Middle East', 'South Asia', 'East Asia', 'Twitter']","['UN', 'the UN Office on Drugs and Crime', 'the Gulf Cooperation Council', 'Bangladesh, Maldives,', 'UNODC', 'UN', 'the Sustainable Development Goals', 'UNODC']",[],[],"['India', 'Victims', 'Bangladesh', 'India', 'Pakistan', 'Nepal', 'Sri Lanka', 'Afghanistan', 'Netherlands', 'the United Kingdom', 'India', 'Nepal', 'Pakistan', 'Saharan Africa', 'Instagram']"
62,[],['last week'],[],"['Rita Pranawati', 'Facebook', 'Patar Sihotang', 'Lok Sabha Elections 2019', 'Facebook']",[],[],"['zero', 'four', 'over 700', 'zero', '131 million', '59 million', '260 million', 'two', 'An estimated 100,000', '543', '2019']",[],"['Indonesian', 'Instagram', 'Instagram', 'Indian']",[],[],"['first', 'third', 'fourth']",[],['Twitter'],"['Instagram', 'National Commission for Child Protection', 'the Thomson Reuters Foundation', 'Instagram', 'Instagram', 'Statista', 'Human Trafficking Watch', 'U.N.', 'UNICEF']",[],[],"['Instagram', 'Surabaya', 'Instagram', 'Jakarta', 'Indonesia', 'Jakarta', 'Indonesia', 'Instagram']"
63,[],"['July last year', '2018', 'one year', 'Last month', '2016', '2016', '2016']",[],"['Modi', 'M Venkaiah Naidu\n\nVictims', 'Narendra Modi', 'The Lok Sabha', 'Andhra Pradesh', 'Haryana', 'Bill', 'Bill', 'Venkaiah Naidu', 'Bill', 'Winter', 'Lok Sabha Elections 2019', 'Facebook']",[],['almost 60 per cent'],"['millions', '15,379', 'more than one', '55,625', '543', '2019']",[],['Indian'],[],[],[],[],"['Monsoon', 'the Rajya Sabha', 'Rajya Sabha', 'Twitter']","['Parliament', 'Parliament', 'Uttar Pradesh', 'The Trafficking of Persons (Prevention, Protection and Rehabilitation', 'the National Anti-Trafficking Bureau', 'NATB', 'Rajya Sabha', 'Parliament', 'the National Crime Records Bureau', 'NCRB']",[],[],"['West Bengal', 'Telangana', 'India', 'Nepal', 'Sri Lanka', 'Instagram']"
64,[],"['last week', 'last week', 'October 17, 2018', 'a few years ago', 'July 2015']","['the White House', 'the White House']","['Patel Davis', 'Turner', 'Mike Pompeo', 'Patel Davis', 'Sylvester Turner', 'Donald Trump', 'Patel Davis', 'Sylvester Turner', '@SylvesterTurner', 'Ms Davis', 'Ms Davis', 'Turner', 'Ms Davis', 'Lok Sabha Elections 2019', 'Facebook']",[],[],"['543', '2019']",['the United Nations World Humanitarian Summit'],"['Indian-American', 'Indian']",[],[],"['first', 'fourth', 'first']",[],['Twitter'],"['State', 'Special Advisor on Human Trafficking', ""the 'Presidential Medal for Combating Human Trafficking'"", 'the White House', 'the State Department', 'the University of Connecticut', 'BA', 'New York University']",[],[],"['US', 'Houston', 'Houston', 'India', 'the United States', 'America', 'US', ""Houston city's"", 'India', 'Canada', 'Instagram']"
65,[],"['2018', 'the earlier years', '2010']",[],"['Yury Fedotov', 'Member States', 'Lok Sabha Elections 2019', 'Facebook']",[],"['30 per cent', 'about 5 per cent', '59 per cent', '35 per cent']","['a third', '142', 'more than 40', 'almost three-quarters', 'One', '543', '2019']",[],"['South Asian', 'South Asian', 'Nordic', 'Asian', 'African', 'European', 'Indian']",[],[],[],[],"['Europe', 'South Asia', 'South-West Asia', 'Western and Southern Europe', 'South Asia', 'the Middle East', 'South Asia', 'Southern Europe', 'North America', 'South Asia - Bangladesh', 'South-East Asia', 'Asia', 'Americas', 'East Asia', 'Africa', 'the Middle East', 'the Middle East', 'South Asia', 'East Asia', 'Twitter']","['UN', 'the UN Office on Drugs and Crime', 'the Gulf Cooperation Council', 'Bangladesh, Maldives,', 'UNODC', 'UN', 'the Sustainable Development Goals', 'UNODC']",[],[],"['India', 'Victims', 'Bangladesh', 'India', 'Pakistan', 'Nepal', 'Sri Lanka', 'Afghanistan', 'Netherlands', 'the United Kingdom', 'India', 'Nepal', 'Pakistan', 'Saharan Africa', 'Instagram']"
66,[],"['just a few days ago', 'Wednesday', 'just a few days ago']",[],"['Bihar', 'CWC', 'Ajay Kumar', 'Soni Devi', 'Lok Sabha Elections 2019', 'Facebook']",[],[],"['As many as 27', '16', 'Four', 'two', 'Sixteen', 'six', 'five', 'five', 'two', 'two', 'four', '543', '2019']",[],['Indian'],[],[],[],['Tuesday night'],"['Shakur Basti', 'Twitter']","['the Bachpan Bachao Andolan', 'the National Commission for Protection of Child Rights', 'the Child Welfare Committee']",[],[],"['Delhi', 'Delhi', 'Assam', 'West Bengal', 'Jharkhand', 'Delhi', 'Instagram']"
67,[],"['Saturday', 'Sunday', 'Saturday', '2013']",[],"['Prabha Muni', 'Prabha Muni', 'Rohit Muni', 'Prabha Muni', 'Rohit Muni', 'Lok Sabha Elections 2019', 'Facebook']",[],[],"['543', '2019']",[],['Indian'],"['Rs 25,000']",[],[],[],['Twitter'],[],[],[],"['Delhi', 'Punjabi Bagh', 'Delhi', 'Delhi', 'Instagram']"
68,[],"['2004', 'today', 'Monday', '2004']","['Regional Passport', 'the US Consulate']","['Jagga Reddy', 'Jayaprakash Reddy', 'Jagga Reddy', 'Mr Reddy', 'Lok Sabha Elections 2019', 'Facebook']",[],[],"['3', 'three', 'three', 'three', 'three', '15', '15', 'three', '543', '2019']",[],['Indian'],"['the Indian Penal Code', 'the Passport Act and Immigration Act']",[],[],"['Monday night', 'night', 'Monday night']","['Secunderabad', 'Twitter']","['Congress', 'Regional Passport', 'Sumathi']",[],[],"['US', 'the United States', 'North Zone', 'US', 'Hyderabad', 'the United States', 'New York', 'Instagram']"
69,[],"['Parveen', 'Last month', 'February 21', 'the first three months']",[],"[""Sushma Swaraj's"", 'Shaik Jhangeer', 'Parveen Begum', 'Mr Jhangeer', 'Parveen', 'Noorjahan Begum', 'Ms Noorjahan', 'Lok Sabha Elections 2019', 'Facebook']",[],[],"['543', '2019']",[],['Indian'],[],[],[],[],['Twitter'],"['First Information Report', 'ANI']",[],[],"['Oman', 'Oman', 'Hyderabad', 'Oman', 'Amberpet', 'Hyderabad city', 'Oman', 'Oman', 'Instagram']"
